repressor,fold_change
11.217673278758923, 0.17483169231952228
29.76819009305642, 0.04514116800950106
62.03143031523042, 0.02144640505640866
127.53763718830713, 0.012291260349065958
608.3964193333138, 0.005680583880352732
870.4178786374125, 0.004583014594053479