repressor,fold_change
11.185055214073943, 0.674242271688148
29.56767123543318, 0.5536355455865171
61.91969290609281, 0.5252903582779828
127.36742413042924, 0.40390269178006183
605.48190312768, 0.21497220494299646
866.4493707631225, 0.15176434696301985
