repressor,fold_change
11.185055214073943, 0.03484036843050319
29.56767123543318, 0.008157459410824418
61.6429293106007, 0.004370323163598626
127.36742413042899, 0.002583855296900548
608.2003876382174, 0.0014305141370161496
866.4493707631225, 0.0010505047073918086
